observation_id,brand,source_id,entity_type,turnover_band,service_code,service_level,complexity_tier,price_gbp_monthly_ex_vat,pricing_model,scope_notes,data_quality,url,captured_date
OBS-20251030-0001,Penney's Accountancy,SRC002,ltd,0-250k,COMP_ACCOUNTS,n/a,standard,96.16,turnover_band,"Year end accounts inc CT return, from £1153.95/year +VAT",A,https://www.penneysaccountancy.co.uk/prices/,2025-10-30
OBS-20251030-0002,Penney's Accountancy,SRC002,ltd,250k-500k,COMP_ACCOUNTS,n/a,standard,105.00,turnover_band,"Year end accounts inc CT return, £1260/year inc VAT",A,https://www.penneysaccountancy.co.uk/prices/,2025-10-30
OBS-20251030-0003,Penney's Accountancy,SRC002,ltd,500k-1m,COMP_ACCOUNTS,n/a,standard,122.50,turnover_band,"Year end accounts inc CT return, £1470/year inc VAT",A,https://www.penneysaccountancy.co.uk/prices/,2025-10-30
OBS-20251030-0004,Penney's Accountancy,SRC002,ltd,1m+,COMP_ACCOUNTS,n/a,complex,350.00,turnover_band,"Year end accounts inc CT return, from £4200/year inc VAT",A,https://www.penneysaccountancy.co.uk/prices/,2025-10-30
OBS-20251030-0005,Penney's Accountancy,SRC002,llp,n/a,COMP_ACCOUNTS,n/a,standard,100.00,fixed,"LLP accounts with filing & tax return, from £1200/year +VAT",A,https://www.penneysaccountancy.co.uk/prices/,2025-10-30
OBS-20251030-0006,Penney's Accountancy,SRC002,sole_trader,n/a,COMP_SATR,n/a,simple,28.44,fixed,"Basic sole trader self assessment, from £341.25/year +VAT",A,https://www.penneysaccountancy.co.uk/prices/,2025-10-30
OBS-20251030-0007,Penney's Accountancy,SRC002,ltd,n/a,COMP_SATR,n/a,simple,25.99,fixed,"Company director self assessment, from £311.85/year +VAT",A,https://www.penneysaccountancy.co.uk/prices/,2025-10-30
OBS-20251030-0008,Penney's Accountancy,SRC002,sole_trader,n/a,COMP_SATR,n/a,standard,37.54,fixed,"Sole trader with property/investments, from £450.45/year +VAT",A,https://www.penneysaccountancy.co.uk/prices/,2025-10-30
OBS-20251030-0009,Penney's Accountancy,SRC002,n/a,n/a,ADMIN_VAT_REG,n/a,n/a,156.45,fixed,"VAT registration one-off, £156.45 +VAT",A,https://www.penneysaccountancy.co.uk/prices/,2025-10-30
OBS-20251030-0010,Penney's Accountancy,SRC002,n/a,n/a,ADMIN_PAYE_SETUP,n/a,n/a,103.95,fixed,"PAYE registration one-off, £103.95 +VAT",A,https://www.penneysaccountancy.co.uk/prices/,2025-10-30
OBS-20251030-0011,Penney's Accountancy,SRC002,n/a,n/a,ADMIN_REG_OFFICE,n/a,n/a,10.06,annual,"Annual registered office fee, £120.75/year +VAT",A,https://www.penneysaccountancy.co.uk/prices/,2025-10-30
OBS-20251030-0012,Penney's Accountancy,SRC002,n/a,n/a,ADMIN_CONF_STMT,n/a,n/a,114.48,per_filing,"Confirmation statement inc £34 filing fee, £114.48 inc VAT",A,https://www.penneysaccountancy.co.uk/prices/,2025-10-30
OBS-20251030-0013,Penney's Accountancy,SRC002,n/a,n/a,ADMIN_OFFICER_CHG,n/a,n/a,89.25,per_change,"Share/director/PSC changes, £89.25 +VAT",A,https://www.penneysaccountancy.co.uk/prices/,2025-10-30
OBS-20251030-0014,Penney's Accountancy,SRC002,n/a,n/a,CASHFLOW_PACK,n/a,n/a,131.25,monthly,"Ongoing management accounts/forecasts, from £498.75/qtr +VAT",A,https://www.penneysaccountancy.co.uk/prices/,2025-10-30
OBS-20251030-0015,Penney's Accountancy,SRC002,n/a,n/a,BOOK_BASIC,basic,standard,44.10,hourly,"Bookkeeping/VAT hourly rate, £44.10/hour +VAT",B,https://www.penneysaccountancy.co.uk/prices/,2025-10-30
OBS-20251030-0016,Penney's Accountancy,SRC002,n/a,n/a,ADDON_CIS,n/a,n/a,52.50,monthly,"CIS monthly return, from £52.50/month +VAT",A,https://www.penneysaccountancy.co.uk/prices/,2025-10-30
OBS-20251030-0017,Penney's Accountancy,SRC002,n/a,n/a,PAYROLL_RUN,n/a,simple,36.75,tiered,"Director only payroll (up to 2), £36.75/month +VAT",A,https://www.penneysaccountancy.co.uk/prices/,2025-10-30
OBS-20251030-0018,Penney's Accountancy,SRC002,n/a,1-5 employees,PAYROLL_RUN,n/a,simple,57.75,tiered,"1-5 employees simple payroll, £57.75/month +VAT",A,https://www.penneysaccountancy.co.uk/prices/,2025-10-30
OBS-20251030-0019,Penney's Accountancy,SRC002,n/a,1-5 employees,PAYROLL_RUN,n/a,complex,84.00,tiered,"1-5 employees complex payroll, £84/month +VAT",A,https://www.penneysaccountancy.co.uk/prices/,2025-10-30
OBS-20251030-0020,Penney's Accountancy,SRC002,n/a,6-10 employees,PAYROLL_RUN,n/a,simple,96.60,tiered,"6-10 employees simple payroll, £96.60/month +VAT",A,https://www.penneysaccountancy.co.uk/prices/,2025-10-30
OBS-20251030-0021,Penney's Accountancy,SRC002,n/a,6-10 employees,PAYROLL_RUN,n/a,complex,126.00,tiered,"6-10 employees complex payroll, £126/month +VAT",A,https://www.penneysaccountancy.co.uk/prices/,2025-10-30
OBS-20251030-0022,Penney's Accountancy,SRC002,n/a,11-15 employees,PAYROLL_RUN,n/a,simple,138.60,tiered,"11-15 employees simple payroll, £138.60/month +VAT",A,https://www.penneysaccountancy.co.uk/prices/,2025-10-30
OBS-20251030-0023,Penney's Accountancy,SRC002,n/a,11-15 employees,PAYROLL_RUN,n/a,complex,206.85,tiered,"11-15 employees complex payroll, £206.85/month +VAT",A,https://www.penneysaccountancy.co.uk/prices/,2025-10-30
OBS-20251030-0024,Penney's Accountancy,SRC002,n/a,16-25 employees,PAYROLL_RUN,n/a,simple,206.85,tiered,"16-25 employees simple payroll, £206.85/month +VAT",A,https://www.penneysaccountancy.co.uk/prices/,2025-10-30
OBS-20251030-0025,Penney's Accountancy,SRC002,n/a,16-25 employees,PAYROLL_RUN,n/a,complex,275.10,tiered,"16-25 employees complex payroll, £275.10/month +VAT",A,https://www.penneysaccountancy.co.uk/prices/,2025-10-30
OBS-20251030-0026,Penney's Accountancy,SRC002,n/a,26-35 employees,PAYROLL_RUN,n/a,simple,283.50,tiered,"26-35 employees simple payroll, £283.50/month +VAT",A,https://www.penneysaccountancy.co.uk/prices/,2025-10-30
OBS-20251030-0027,Penney's Accountancy,SRC002,n/a,26-35 employees,PAYROLL_RUN,n/a,complex,436.80,tiered,"26-35 employees complex payroll, £436.80/month +VAT",A,https://www.penneysaccountancy.co.uk/prices/,2025-10-30
OBS-20251030-0028,Penney's Accountancy,SRC002,n/a,36+ employees,PAYROLL_RUN,n/a,simple,8.00,per_payslip,"36+ employees simple payroll, £8/payslip +VAT",A,https://www.penneysaccountancy.co.uk/prices/,2025-10-30
OBS-20251030-0029,RJ Accountancy,SRC003,ltd,0-10k,COMP_ACCOUNTS,n/a,standard,25.00,turnover_band,"Year end accounts + CT600, £300/year +VAT. Includes tax efficiency review",A,https://rjaccountancy.co.uk/fees/,2025-10-30
OBS-20251030-0030,RJ Accountancy,SRC003,ltd,10k-20k,COMP_ACCOUNTS,n/a,standard,30.00,turnover_band,"Year end accounts + CT600, £360/year +VAT. Includes tax efficiency review",A,https://rjaccountancy.co.uk/fees/,2025-10-30
OBS-20251030-0031,RJ Accountancy,SRC003,ltd,20k-30k,COMP_ACCOUNTS,n/a,standard,35.00,turnover_band,"Year end accounts + CT600, £420/year +VAT. Includes tax efficiency review",A,https://rjaccountancy.co.uk/fees/,2025-10-30
OBS-20251030-0032,RJ Accountancy,SRC003,ltd,30k-40k,COMP_ACCOUNTS,n/a,standard,40.00,turnover_band,"Year end accounts + CT600, £480/year +VAT. Includes tax efficiency review",A,https://rjaccountancy.co.uk/fees/,2025-10-30
OBS-20251030-0033,RJ Accountancy,SRC003,ltd,40k-55k,COMP_ACCOUNTS,n/a,standard,45.00,turnover_band,"Year end accounts + CT600, £540/year +VAT. Includes tax efficiency review",A,https://rjaccountancy.co.uk/fees/,2025-10-30
OBS-20251030-0034,RJ Accountancy,SRC003,ltd,55k-70k,COMP_ACCOUNTS,n/a,standard,50.00,turnover_band,"Year end accounts + CT600, £600/year +VAT. Includes tax efficiency review",A,https://rjaccountancy.co.uk/fees/,2025-10-30
OBS-20251030-0035,RJ Accountancy,SRC003,ltd,70k-100k,COMP_ACCOUNTS,n/a,standard,55.00,turnover_band,"Year end accounts + CT600, £660/year +VAT. Includes tax efficiency review",A,https://rjaccountancy.co.uk/fees/,2025-10-30
OBS-20251030-0036,RJ Accountancy,SRC003,ltd,100k-130k,COMP_ACCOUNTS,n/a,standard,60.00,turnover_band,"Year end accounts + CT600, £720/year +VAT. Includes tax efficiency review",A,https://rjaccountancy.co.uk/fees/,2025-10-30
OBS-20251030-0037,RJ Accountancy,SRC003,ltd,130k-160k,COMP_ACCOUNTS,n/a,standard,65.00,turnover_band,"Year end accounts + CT600, £780/year +VAT. Includes tax efficiency review",A,https://rjaccountancy.co.uk/fees/,2025-10-30
OBS-20251030-0038,RJ Accountancy,SRC003,ltd,160k-200k,COMP_ACCOUNTS,n/a,standard,70.00,turnover_band,"Year end accounts + CT600, £840/year +VAT. Includes tax efficiency review",A,https://rjaccountancy.co.uk/fees/,2025-10-30
OBS-20251030-0039,RJ Accountancy,SRC003,ltd,200k-250k,COMP_ACCOUNTS,n/a,standard,75.00,turnover_band,"Year end accounts + CT600, £900/year +VAT. Includes tax efficiency review",A,https://rjaccountancy.co.uk/fees/,2025-10-30
OBS-20251030-0040,RJ Accountancy,SRC003,ltd,250k-300k,COMP_ACCOUNTS,n/a,standard,80.00,turnover_band,"Year end accounts + CT600, £960/year +VAT. Includes tax efficiency review",A,https://rjaccountancy.co.uk/fees/,2025-10-30
OBS-20251030-0041,RJ Accountancy,SRC003,ltd,300k-400k,COMP_ACCOUNTS,n/a,standard,85.00,turnover_band,"Year end accounts + CT600, £1020/year +VAT. Includes tax efficiency review",A,https://rjaccountancy.co.uk/fees/,2025-10-30
OBS-20251030-0042,RJ Accountancy,SRC003,ltd,400k-500k,COMP_ACCOUNTS,n/a,standard,90.00,turnover_band,"Year end accounts + CT600, £1080/year +VAT. Includes tax efficiency review",A,https://rjaccountancy.co.uk/fees/,2025-10-30
OBS-20251030-0043,RJ Accountancy,SRC003,n/a,n/a,COMP_SATR,n/a,simple,15.00,fixed,"Basic SATR (PAYE/dividend/interest/pension income), £179/year +VAT",A,https://rjaccountancy.co.uk/fees/,2025-10-30
OBS-20251030-0044,RJ Accountancy,SRC003,sole_trader,0-10k,COMP_ACCOUNTS,n/a,standard,5.00,turnover_band,"Sole trader accounts, £50/year +VAT. Combined with SATR fee £179+VAT",A,https://rjaccountancy.co.uk/fees/,2025-10-30
OBS-20251030-0045,RJ Accountancy,SRC003,sole_trader,10k-20k,COMP_ACCOUNTS,n/a,standard,10.00,turnover_band,"Sole trader accounts, £100/year +VAT. Combined with SATR fee £179+VAT",A,https://rjaccountancy.co.uk/fees/,2025-10-30
OBS-20251030-0046,RJ Accountancy,SRC003,sole_trader,20k-30k,COMP_ACCOUNTS,n/a,standard,12.50,turnover_band,"Sole trader accounts, £150/year +VAT. Combined with SATR fee £179+VAT",A,https://rjaccountancy.co.uk/fees/,2025-10-30
OBS-20251030-0047,RJ Accountancy,SRC003,sole_trader,30k-40k,COMP_ACCOUNTS,n/a,standard,15.00,turnover_band,"Sole trader accounts, £200/year +VAT. Combined with SATR fee £179+VAT",A,https://rjaccountancy.co.uk/fees/,2025-10-30
OBS-20251030-0048,RJ Accountancy,SRC003,sole_trader,40k-55k,COMP_ACCOUNTS,n/a,standard,20.00,turnover_band,"Sole trader accounts, £250/year +VAT. Combined with SATR fee £179+VAT",A,https://rjaccountancy.co.uk/fees/,2025-10-30
OBS-20251030-0049,RJ Accountancy,SRC003,sole_trader,55k-70k,COMP_ACCOUNTS,n/a,standard,25.00,turnover_band,"Sole trader accounts, £300/year +VAT. Combined with SATR fee £179+VAT",A,https://rjaccountancy.co.uk/fees/,2025-10-30
OBS-20251030-0050,RJ Accountancy,SRC003,sole_trader,70k-100k,COMP_ACCOUNTS,n/a,standard,30.00,turnover_band,"Sole trader accounts, £350/year +VAT. Combined with SATR fee £179+VAT",A,https://rjaccountancy.co.uk/fees/,2025-10-30
OBS-20251030-0051,RJ Accountancy,SRC003,sole_trader,100k-130k,COMP_ACCOUNTS,n/a,standard,35.00,turnover_band,"Sole trader accounts, £400/year +VAT. Combined with SATR fee £179+VAT",A,https://rjaccountancy.co.uk/fees/,2025-10-30
OBS-20251030-0052,RJ Accountancy,SRC003,sole_trader,130k-160k,COMP_ACCOUNTS,n/a,standard,37.50,turnover_band,"Sole trader accounts, £450/year +VAT. Combined with SATR fee £179+VAT",A,https://rjaccountancy.co.uk/fees/,2025-10-30
OBS-20251030-0053,RJ Accountancy,SRC003,sole_trader,160k-200k,COMP_ACCOUNTS,n/a,standard,40.00,turnover_band,"Sole trader accounts, £500/year +VAT. Combined with SATR fee £179+VAT",A,https://rjaccountancy.co.uk/fees/,2025-10-30
OBS-20251030-0054,RJ Accountancy,SRC003,partnership,n/a,COMP_ACCOUNTS,n/a,standard,12.50,fixed,"Partnership return (per filing), £150/year +VAT. Plus individual partner SATR + accounts",A,https://rjaccountancy.co.uk/fees/,2025-10-30
OBS-20251030-0055,RJ Accountancy,SRC003,n/a,0-100k,VAT_QTR,n/a,standard,40.00,turnover_band,"VAT return £120/qtr +VAT (normalized to monthly). Charged per submission",A,https://rjaccountancy.co.uk/fees/,2025-10-30
OBS-20251030-0056,RJ Accountancy,SRC003,n/a,100k-200k,VAT_QTR,n/a,standard,60.00,turnover_band,"VAT return £180/qtr +VAT (normalized to monthly). Charged per submission",A,https://rjaccountancy.co.uk/fees/,2025-10-30
OBS-20251030-0057,RJ Accountancy,SRC003,n/a,200k-400k,VAT_QTR,n/a,standard,80.00,turnover_band,"VAT return £240/qtr +VAT (normalized to monthly). Charged per submission",A,https://rjaccountancy.co.uk/fees/,2025-10-30
OBS-20251030-0058,RJ Accountancy,SRC003,n/a,n/a,ADDON_RENTAL,n/a,n/a,2.50,per_property,"Rental income calculation, £30/year per property +VAT. Additional to base SATR",A,https://rjaccountancy.co.uk/fees/,2025-10-30
OBS-20251030-0059,RJ Accountancy,SRC003,n/a,n/a,PAYROLL_RUN,n/a,standard,10.00,per_employee,"Monthly salary/PAYE processing, £120/year per employee +VAT. Director salary setup",A,https://rjaccountancy.co.uk/fees/,2025-10-30
OBS-20251030-0060,RJ Accountancy,SRC003,n/a,n/a,PAYROLL_PENSION,n/a,n/a,2.50,per_employee,"Auto-enrolment pension (NEST), £30/year per employee +VAT",A,https://rjaccountancy.co.uk/fees/,2025-10-30
OBS-20251030-0061,RJ Accountancy,SRC003,n/a,n/a,COMP_CONFIRMATION,n/a,n/a,5.00,annual,"Confirmation statement filing, £50/year +VAT",A,https://rjaccountancy.co.uk/fees/,2025-10-30
OBS-20251030-0062,GoForma,SRC004,ltd,n/a,COMP_ACCOUNTS,n/a,standard,40.00,annual,"One-off year-end accounts, £499 +VAT (normalized from annual)",A,https://www.goforma.com/small-business-accounting/how-much-should-accounting-cost,2025-10-30
OBS-20251030-0063,GoForma,SRC004,n/a,n/a,PAYROLL_RUN,n/a,standard,5.00,per_employee,"Payroll per employee (part of £79/month package), £5/month +VAT per employee",A,https://www.goforma.com/small-business-accounting/how-much-should-accounting-cost,2025-10-30
OBS-20251030-0064,Heights Accountancy,SRC005,ltd,n/a,BOOK_FULL,full,standard,200.00,monthly,"UK market benchmark £50-£350/month, midpoint £200. Cloud bookkeeping setup",B,https://heightsaccountancy.co.uk/2025/10/06/how-much-does-an-accountant-cost-uk-2025/,2025-10-30
OBS-20251030-0065,Heights Accountancy,SRC005,ltd,n/a,PAYROLL_RUN,n/a,standard,19.00,per_payslip,"UK market benchmark £8-£30/month per payslip, midpoint £19",B,https://heightsaccountancy.co.uk/2025/10/06/how-much-does-an-accountant-cost-uk-2025/,2025-10-30
OBS-20251030-0066,Heights Accountancy,SRC005,ltd,n/a,VAT_QTR,n/a,standard,65.00,quarterly,"UK market benchmark £150-£250/qtr, midpoint £200 (normalized to monthly £65)",B,https://heightsaccountancy.co.uk/2025/10/06/how-much-does-an-accountant-cost-uk-2025/,2025-10-30
OBS-20251030-0067,Heights Accountancy,SRC005,ltd,n/a,COMP_ACCOUNTS,n/a,standard,55.00,annual,"UK market benchmark £400-£900/year, midpoint £650 (normalized to monthly £55)",B,https://heightsaccountancy.co.uk/2025/10/06/how-much-does-an-accountant-cost-uk-2025/,2025-10-30
OBS-20251030-0068,Heights Accountancy,SRC005,ltd,n/a,COMP_ACCOUNTS,n/a,standard,35.00,annual,"CT600 only. UK market benchmark £300-£500/year, midpoint £400 (normalized to monthly £35)",B,https://heightsaccountancy.co.uk/2025/10/06/how-much-does-an-accountant-cost-uk-2025/,2025-10-30
OBS-20251030-0069,Heights Accountancy,SRC005,ltd,n/a,COMP_SATR,n/a,standard,35.00,annual,"Director SATR. UK market benchmark £300-£500/year, midpoint £400 (normalized to monthly £35)",B,https://heightsaccountancy.co.uk/2025/10/06/how-much-does-an-accountant-cost-uk-2025/,2025-10-30
OBS-20251030-0070,Heights Accountancy,SRC005,ltd,n/a,SEC_BASIC,n/a,standard,10.00,annual,"Company secretarial. UK market benchmark £50-£150/year, midpoint £100 (normalized to monthly £10)",B,https://heightsaccountancy.co.uk/2025/10/06/how-much-does-an-accountant-cost-uk-2025/,2025-10-30
OBS-20251030-0071,Heights Accountancy,SRC005,sole_trader,n/a,BOOK_BASIC,basic,standard,90.00,monthly,"UK market benchmark £30-£150/month, midpoint £90",B,https://heightsaccountancy.co.uk/2025/10/06/how-much-does-an-accountant-cost-uk-2025/,2025-10-30
OBS-20251030-0072,Heights Accountancy,SRC005,sole_trader,n/a,COMP_SATR,n/a,standard,25.00,annual,"UK market benchmark £200-£400/year, midpoint £300 (normalized to monthly £25)",B,https://heightsaccountancy.co.uk/2025/10/06/how-much-does-an-accountant-cost-uk-2025/,2025-10-30
OBS-20251030-0073,Heights Accountancy,SRC005,sole_trader,n/a,COMP_ACCOUNTS,n/a,standard,15.00,annual,"Year-end accounts. UK market benchmark £100-£300/year, midpoint £200 (normalized to monthly £15)",B,https://heightsaccountancy.co.uk/2025/10/06/how-much-does-an-accountant-cost-uk-2025/,2025-10-30
OBS-20251030-0074,Heights Accountancy,SRC005,sole_trader,n/a,VAT_QTR,n/a,standard,60.00,quarterly,"UK market benchmark £100-£250/qtr, midpoint £175 (normalized to monthly £60)",B,https://heightsaccountancy.co.uk/2025/10/06/how-much-does-an-accountant-cost-uk-2025/,2025-10-30
OBS-20251030-0075,Heights Accountancy,SRC005,partnership,n/a,BOOK_FULL,full,standard,150.00,monthly,"UK market benchmark £50-£250/month, midpoint £150",B,https://heightsaccountancy.co.uk/2025/10/06/how-much-does-an-accountant-cost-uk-2025/,2025-10-30
OBS-20251030-0076,Heights Accountancy,SRC005,partnership,n/a,VAT_QTR,n/a,standard,65.00,quarterly,"UK market benchmark £150-£250/qtr, midpoint £200 (normalized to monthly £65)",B,https://heightsaccountancy.co.uk/2025/10/06/how-much-does-an-accountant-cost-uk-2025/,2025-10-30
OBS-20251030-0077,Heights Accountancy,SRC005,partnership,n/a,COMP_ACCOUNTS,n/a,standard,37.50,annual,"Partnership accounts. UK market benchmark £300-£600/year, midpoint £450 (normalized to monthly £37.50)",B,https://heightsaccountancy.co.uk/2025/10/06/how-much-does-an-accountant-cost-uk-2025/,2025-10-30
OBS-20251030-0078,Heights Accountancy,SRC005,partnership,n/a,COMP_SATR,n/a,standard,30.00,annual,"Partnership tax return SA800. UK market benchmark £300-£400/year, midpoint £350 (normalized to monthly £30)",B,https://heightsaccountancy.co.uk/2025/10/06/how-much-does-an-accountant-cost-uk-2025/,2025-10-30
OBS-20251030-0079,Heights Accountancy,SRC005,partnership,n/a,COMP_SATR,n/a,standard,25.00,per_partner,"Individual partner SATR. UK market benchmark £200-£400 each, midpoint £300 (normalized to monthly £25)",B,https://heightsaccountancy.co.uk/2025/10/06/how-much-does-an-accountant-cost-uk-2025/,2025-10-30
OBS-20251030-0080,Heights Accountancy,SRC005,n/a,n/a,MGMT_MONTHLY,n/a,standard,325.00,monthly,"Management accounts. UK market benchmark £150-£500/month, midpoint £325",B,https://heightsaccountancy.co.uk/2025/10/06/how-much-does-an-accountant-cost-uk-2025/,2025-10-30
OBS-20251030-0081,Heights Accountancy,SRC005,n/a,n/a,TAX_RD,n/a,standard,1000.00,per_claim,"R&D tax claims. UK market benchmark £500-£1500/project, midpoint £1000 (normalized to monthly £83.33 rounded £85)",B,https://heightsaccountancy.co.uk/2025/10/06/how-much-does-an-accountant-cost-uk-2025/,2025-10-30
OBS-20251030-0082,Heights Accountancy,SRC005,n/a,n/a,ADDON_CIS,n/a,standard,37.50,annual,"CIS compliance. UK market benchmark £300-£600/year, midpoint £450 (normalized to monthly £37.50)",B,https://heightsaccountancy.co.uk/2025/10/06/how-much-does-an-accountant-cost-uk-2025/,2025-10-30
OBS-20251030-0083,Heights Accountancy,SRC005,n/a,n/a,ADDON_RENTAL,n/a,standard,20.00,per_property,"Rental accounts per property. UK market benchmark £150-£300/year, midpoint £225 (normalized to monthly £20)",B,https://heightsaccountancy.co.uk/2025/10/06/how-much-does-an-accountant-cost-uk-2025/,2025-10-30
OBS-20251030-0084,TAJ Accountants,SRC009,n/a,n/a,COMP_SATR,n/a,standard,16.67,annual,"Self-assessment. UK market benchmark £100-£300, midpoint £200 (normalized to monthly £16.67 rounded £15)",B,https://www.tajaccountants.co.uk/how-much-does-an-accountant-cost-per-month-in-the-uk-a-complete-guide/,2025-10-30
OBS-20251030-0085,TAJ Accountants,SRC009,n/a,n/a,VAT_QTR,n/a,standard,46.67,quarterly,"VAT returns. UK market benchmark £75-£200, midpoint £137.50 (normalized to monthly £46.67 rounded £45)",B,https://www.tajaccountants.co.uk/how-much-does-an-accountant-cost-per-month-in-the-uk-a-complete-guide/,2025-10-30
OBS-20251030-0086,TAJ Accountants,SRC009,n/a,n/a,PAYROLL_RUN,n/a,standard,7.50,per_payslip,"Payroll per payslip. UK market benchmark £5-£10, midpoint £7.50",B,https://www.tajaccountants.co.uk/how-much-does-an-accountant-cost-per-month-in-the-uk-a-complete-guide/,2025-10-30
OBS-20251030-0087,TAJ Accountants,SRC009,n/a,n/a,PAYROLL_RUN,n/a,standard,62.50,monthly,"Small team payroll monthly. UK market benchmark £25-£100/month, midpoint £62.50",B,https://www.tajaccountants.co.uk/how-much-does-an-accountant-cost-per-month-in-the-uk-a-complete-guide/,2025-10-30
OBS-20251030-0088,The Accountancy Partnership,SRC010,n/a,n/a,COMP_SATR,n/a,standard,10.00,monthly,"Self-assessment add-on, £10/month +VAT",A,https://www.theaccountancy.co.uk/plans-and-pricing,2025-10-30
OBS-20251030-0089,The Accountancy Partnership,SRC010,n/a,n/a,BOOK_BASIC,basic,standard,20.00,monthly,"Bookkeeping add-on, £20/month +VAT",A,https://www.theaccountancy.co.uk/plans-and-pricing,2025-10-30
OBS-20251030-0090,The Accountancy Partnership,SRC010,n/a,n/a,VAT_QTR,n/a,standard,35.00,monthly,"VAT returns add-on, £35/month +VAT",A,https://www.theaccountancy.co.uk/plans-and-pricing,2025-10-30
OBS-20251030-0091,The Accountancy Partnership,SRC010,n/a,n/a,PAYROLL_RUN,n/a,standard,24.00,monthly,"Payroll add-on, £24/month +VAT",A,https://www.theaccountancy.co.uk/plans-and-pricing,2025-10-30
OBS-20251030-0092,The Accountancy Partnership,SRC010,n/a,n/a,ADDON_CIS,n/a,n/a,6.00,per_statement,"CIS returns, £6 per statement/sub-contractor +VAT",A,https://www.theaccountancy.co.uk/plans-and-pricing,2025-10-30
OBS-20251030-0093,eAccounts,SRC015,ltd,n/a,COMP_ACCOUNTS,n/a,standard,37.50,annual,"Annual accounts. UK market benchmark £300-£600/year, midpoint £450 (normalized to monthly £37.50)",B,https://www.e-accounts.co.uk/2025/03/11/cost-of-accountant-for-limited-company/,2025-10-30
OBS-20251030-0094,eAccounts,SRC015,ltd,n/a,COMP_ACCOUNTS,n/a,standard,16.67,annual,"Corporation tax. UK market benchmark £100-£300/year, midpoint £200 (normalized to monthly £16.67 rounded £15)",B,https://www.e-accounts.co.uk/2025/03/11/cost-of-accountant-for-limited-company/,2025-10-30
OBS-20251030-0095,eAccounts,SRC015,ltd,n/a,VAT_QTR,n/a,standard,16.67,quarterly,"VAT returns. UK market benchmark £100-£300/year, midpoint £200 (normalized to monthly £16.67 rounded £15)",B,https://www.e-accounts.co.uk/2025/03/11/cost-of-accountant-for-limited-company/,2025-10-30
OBS-20251030-0096,eAccounts,SRC015,ltd,n/a,PAYROLL_RUN,n/a,standard,125.00,monthly,"Payroll services. UK market benchmark £50-£200/month, midpoint £125",B,https://www.e-accounts.co.uk/2025/03/11/cost-of-accountant-for-limited-company/,2025-10-30
OBS-20251030-0097,eAccounts,SRC015,ltd,n/a,BOOK_FULL,full,standard,300.00,monthly,"Bookkeeping. UK market benchmark £100-£500/month, midpoint £300",B,https://www.e-accounts.co.uk/2025/03/11/cost-of-accountant-for-limited-company/,2025-10-30
OBS-20251030-0098,eAccounts,SRC015,ltd,n/a,TAX_ANNUAL,n/a,standard,150.00,hourly,"Tax advisory. UK market benchmark £100-£200/hour, midpoint £150",B,https://www.e-accounts.co.uk/2025/03/11/cost-of-accountant-for-limited-company/,2025-10-30
OBS-20251030-0099,CloudBook,SRC014,n/a,n/a,COMP_SATR,n/a,simple,5.00,annual,"Tax-only Employee, £60 +VAT annual (normalized to monthly £5)",A,https://cloud-book.co.uk/pricing/,2025-10-30
OBS-20251030-0100,CloudBook,SRC014,n/a,n/a,COMP_SATR,n/a,standard,10.00,annual,"Tax-only Owner, £120 +VAT annual (normalized to monthly £10)",A,https://cloud-book.co.uk/pricing/,2025-10-30
OBS-20251030-0101,CloudBook,SRC014,n/a,n/a,COMP_SATR,n/a,standard,15.00,annual,"Tax-only Investor, £180 +VAT annual (normalized to monthly £15)",A,https://cloud-book.co.uk/pricing/,2025-10-30
OBS-20251030-0102,CloudBook,SRC014,n/a,n/a,COMP_SATR,n/a,complex,20.00,annual,"Tax-only Investor+, £240 +VAT annual (normalized to monthly £20)",A,https://cloud-book.co.uk/pricing/,2025-10-30
OBS-20251030-0103,CloudBook,SRC014,n/a,n/a,PAYROLL_RUN,n/a,standard,12.00,monthly,"Payroll add-on up to 4 payslips, £12/month +VAT",A,https://cloud-book.co.uk/pricing/,2025-10-30
OBS-20251030-0104,CloudBook,SRC014,n/a,n/a,PAYROLL_PENSION,n/a,standard,12.00,monthly,"Pension add-on up to 4 employees, £12/month +VAT",A,https://cloud-book.co.uk/pricing/,2025-10-30
OBS-20251030-0105,CloudBook,SRC014,n/a,n/a,ADDON_CIS,n/a,n/a,12.00,monthly,"CIS add-on up to 4 subcontractors, £12/month +VAT",A,https://cloud-book.co.uk/pricing/,2025-10-30
OBS-20251030-0106,CloudBook,SRC014,n/a,n/a,BOOK_FULL,full,standard,36.00,per_50_txn,"Extra bookkeeping per 50 transactions, £36/month +VAT",A,https://cloud-book.co.uk/pricing/,2025-10-30
OBS-20251030-0107,Hippo Accountants,SRC016,n/a,n/a,TAX_PLAN_CGT_RET,n/a,n/a,62.50,per_filing,"Capital Gains Tax 60-day form, £750 +VAT (normalized to monthly £62.50)",A,https://hippoaccountants.com/pricing/,2025-10-30
OBS-20251030-0108,Hippo Accountants,SRC016,ltd,n/a,COMP_ACCOUNTS,n/a,standard,100.00,annual,"Ltd company accounts inc bookkeeping, from £1200/year +VAT (normalized to monthly £100)",B,https://hippoaccountants.com/pricing/,2025-10-30
OBS-20251030-0109,Hippo Accountants,SRC016,sole_trader,n/a,COMP_SATR,n/a,standard,50.00,annual,"Self-employed tax return, from £600/year +VAT (normalized to monthly £50)",B,https://hippoaccountants.com/pricing/,2025-10-30
OBS-20251030-0110,Hippo Accountants,SRC016,n/a,n/a,ADDON_RENTAL,n/a,standard,50.00,per_property,"Landlord accounting 1 property, £600/year +VAT (normalized to monthly £50)",A,https://hippoaccountants.com/pricing/,2025-10-30
OBS-20251030-0111,Hippo Accountants,SRC016,n/a,n/a,ADDON_RENTAL,n/a,standard,10.00,per_property,"Additional property, £100/year +VAT per property (normalized to monthly £10)",A,https://hippoaccountants.com/pricing/,2025-10-30
OBS-20251030-0112,Hippo Accountants,SRC016,n/a,n/a,BOOK_FULL,full,standard,60.00,hourly,"Bookkeeping/management accounts/VAT, from £60/hour +VAT",B,https://hippoaccountants.com/pricing/,2025-10-30
OBS-20251030-0113,Hippo Accountants,SRC016,n/a,n/a,ADMIN_SW_MIGRATION,n/a,n/a,250.00,one_off,"Xero setup, from £250 +VAT one-off",B,https://hippoaccountants.com/pricing/,2025-10-30
OBS-20251030-0114,Hippo Accountants,SRC016,n/a,n/a,ADMIN_SW_MIGRATION,n/a,n/a,150.00,hourly,"Xero training, £150/hour +VAT",A,https://hippoaccountants.com/pricing/,2025-10-30
OBS-20251030-0115,Hippo Accountants,SRC016,ltd,n/a,ADMIN_KYC,n/a,n/a,250.00,one_off,"Ltd company formation, £250 +VAT",A,https://hippoaccountants.com/pricing/,2025-10-30
OBS-20251030-0116,Hippo Accountants,SRC016,n/a,n/a,ADMIN_VAT_REG,n/a,n/a,150.00,one_off,"VAT registration, £150 +VAT",A,https://hippoaccountants.com/pricing/,2025-10-30
OBS-20251030-0117,Hippo Accountants,SRC016,n/a,n/a,ADMIN_PAYE_SETUP,n/a,n/a,150.00,one_off,"PAYE registration, £150 +VAT",A,https://hippoaccountants.com/pricing/,2025-10-30
OBS-20251030-0118,Doshi Accountants,SRC019,ltd,0-90k,COMP_ACCOUNTS,n/a,standard,75.00,annual,"Ltd accounts & tax, £875/year +VAT (normalized to monthly £75)",A,https://doshiaccountants.co.uk/fees,2025-10-30
OBS-20251030-0119,Doshi Accountants,SRC019,ltd,91k-99k,COMP_ACCOUNTS,n/a,standard,81.25,annual,"Ltd accounts & tax, £975/year +VAT (normalized to monthly £81.25)",A,https://doshiaccountants.co.uk/fees,2025-10-30
OBS-20251030-0120,Doshi Accountants,SRC019,ltd,100k-149k,COMP_ACCOUNTS,n/a,standard,90.00,annual,"Ltd accounts & tax, £1100/year +VAT (normalized to monthly £90)",A,https://doshiaccountants.co.uk/fees,2025-10-30
OBS-20251030-0121,Doshi Accountants,SRC019,ltd,150k-249k,COMP_ACCOUNTS,n/a,standard,105.00,annual,"Ltd accounts & tax, £1250/year +VAT (normalized to monthly £105)",A,https://doshiaccountants.co.uk/fees,2025-10-30
OBS-20251030-0122,Doshi Accountants,SRC019,ltd,250k-349k,COMP_ACCOUNTS,n/a,standard,125.00,annual,"Ltd accounts & tax, £1500/year +VAT (normalized to monthly £125)",A,https://doshiaccountants.co.uk/fees,2025-10-30
OBS-20251030-0123,Doshi Accountants,SRC019,ltd,350k-499k,COMP_ACCOUNTS,n/a,standard,135.00,annual,"Ltd accounts & tax, £1600/year +VAT (normalized to monthly £135)",A,https://doshiaccountants.co.uk/fees,2025-10-30
OBS-20251030-0124,Doshi Accountants,SRC019,ltd,500k-749k,COMP_ACCOUNTS,n/a,standard,150.00,annual,"Ltd accounts & tax, £1800/year +VAT (normalized to monthly £150)",A,https://doshiaccountants.co.uk/fees,2025-10-30
OBS-20251030-0125,Doshi Accountants,SRC019,ltd,750k-999k,COMP_ACCOUNTS,n/a,standard,165.00,annual,"Ltd accounts & tax, £2000/year +VAT (normalized to monthly £165)",A,https://doshiaccountants.co.uk/fees,2025-10-30
OBS-20251030-0126,Doshi Accountants,SRC019,n/a,n/a,COMP_SATR,n/a,simple,15.00,annual,"SATR up to £79k income, £175/year +VAT (normalized to monthly £15)",A,https://doshiaccountants.co.uk/fees,2025-10-30
OBS-20251030-0127,Doshi Accountants,SRC019,n/a,n/a,COMP_SATR,n/a,standard,15.00,annual,"SATR £80k-124k income, £200/year +VAT (normalized to monthly £15)",A,https://doshiaccountants.co.uk/fees,2025-10-30
OBS-20251030-0128,Doshi Accountants,SRC019,n/a,n/a,COMP_SATR,n/a,standard,20.00,annual,"SATR £125k+ income, £250/year +VAT (normalized to monthly £20)",A,https://doshiaccountants.co.uk/fees,2025-10-30
OBS-20251030-0129,Doshi Accountants,SRC019,sole_trader,n/a,COMP_ACCOUNTS,n/a,standard,87.50,annual,"Sole trader/partnership accounts, £700-£1400/year midpoint £1050 +VAT (normalized to monthly £87.50)",B,https://doshiaccountants.co.uk/fees,2025-10-30
OBS-20251030-0130,Doshi Accountants,SRC019,partnership,n/a,COMP_ACCOUNTS,n/a,standard,40.00,annual,"Partnership return 2 partners, £350-600/year midpoint £475 +VAT (normalized to monthly £40)",B,https://doshiaccountants.co.uk/fees,2025-10-30
OBS-20251030-0131,Doshi Accountants,SRC019,partnership,n/a,COMP_ACCOUNTS,n/a,standard,15.00,per_partner,"Additional partner, £175/year +VAT per partner (normalized to monthly £15)",A,https://doshiaccountants.co.uk/fees,2025-10-30
OBS-20251030-0132,Doshi Accountants,SRC019,n/a,0-99k,VAT_QTR,n/a,standard,45.00,annual,"VAT return, £550/year +VAT (normalized to monthly £45)",A,https://doshiaccountants.co.uk/fees,2025-10-30
OBS-20251030-0133,Doshi Accountants,SRC019,n/a,6m-6.99m,VAT_QTR,n/a,complex,375.00,annual,"VAT return high turnover, £4500/year +VAT (normalized to monthly £375)",A,https://doshiaccountants.co.uk/fees,2025-10-30
OBS-20251030-0134,Doshi Accountants,SRC019,n/a,1-5 employees,PAYROLL_RUN,n/a,standard,30.00,annual,"Payroll 1-5 employees monthly, £350/year +VAT (normalized to monthly £30)",A,https://doshiaccountants.co.uk/fees,2025-10-30
OBS-20251030-0135,Doshi Accountants,SRC019,n/a,1-5 employees,PAYROLL_RUN,n/a,standard,45.00,annual,"Payroll 1-5 employees weekly, £520/year +VAT (normalized to monthly £45)",A,https://doshiaccountants.co.uk/fees,2025-10-30
OBS-20251030-0136,Doshi Accountants,SRC019,n/a,n/a,PAYROLL_PENSION,n/a,n/a,10.00,annual,"Workplace pensions, £75-180/year midpoint £127.50 +VAT (normalized to monthly £10)",B,https://doshiaccountants.co.uk/fees,2025-10-30
OBS-20251030-0137,Doshi Accountants,SRC019,n/a,n/a,PAYROLL_RUN,n/a,standard,52.50,monthly,"BACS services, £30-75/month midpoint £52.50 +VAT",B,https://doshiaccountants.co.uk/fees,2025-10-30
OBS-20251030-0138,Doshi Accountants,SRC019,n/a,n/a,BOOK_BASIC,basic,standard,13.00,hourly,"Bookkeeping hourly rate, £13/hour +VAT",A,https://doshiaccountants.co.uk/fees,2025-10-30
OBS-20251030-0139,Doshi Accountants,SRC019,n/a,n/a,ADDON_RENTAL,n/a,standard,30.00,per_property,"Property accounts 1-5 properties, £150-550 midpoint £350 +VAT (normalized to monthly £30)",B,https://doshiaccountants.co.uk/fees,2025-10-30
OBS-20251030-0140,Doshi Accountants,SRC019,n/a,n/a,ADDON_RENTAL,n/a,standard,5.00,per_property,"Additional property, £75/year +VAT per property (normalized to monthly £5)",A,https://doshiaccountants.co.uk/fees,2025-10-30
OBS-20251030-0141,123 Financials,SRC021,n/a,n/a,COMP_ACCOUNTS,n/a,standard,155.00,monthly,"London market general accounting, £60-£250/month midpoint £155",B,https://www.123financials.com/insights/accounting-services-cost-in-london/,2025-10-30
OBS-20251030-0142,123 Financials,SRC021,n/a,n/a,COMP_SATR,n/a,standard,16.67,annual,"Self-assessment, £150-£250/year midpoint £200 (normalized to monthly £16.67 rounded £15)",B,https://www.123financials.com/insights/accounting-services-cost-in-london/,2025-10-30
OBS-20251030-0143,123 Financials,SRC021,n/a,n/a,TAX_ANNUAL,n/a,standard,137.50,hourly,"Tax planning, £125-£150/hour midpoint £137.50",B,https://www.123financials.com/insights/accounting-services-cost-in-london/,2025-10-30
OBS-20251030-0144,123 Financials,SRC021,n/a,0-100k,VAT_QTR,n/a,standard,33.33,quarterly,"VAT returns, ~£100 per return (normalized to monthly £33.33 rounded £35)",B,https://www.123financials.com/insights/accounting-services-cost-in-london/,2025-10-30
OBS-20251030-0145,123 Financials,SRC021,n/a,100k-200k,VAT_QTR,n/a,standard,150.00,monthly,"VAT returns, ~£150/month",B,https://www.123financials.com/insights/accounting-services-cost-in-london/,2025-10-30
OBS-20251030-0146,123 Financials,SRC021,n/a,200k-400k,VAT_QTR,n/a,standard,200.00,monthly,"VAT returns, ~£200/month",B,https://www.123financials.com/insights/accounting-services-cost-in-london/,2025-10-30
OBS-20251030-0147,123 Financials,SRC021,n/a,n/a,COMP_ACCOUNTS,n/a,standard,100.00,monthly,"Freelancer/contractor accounting, £50-£150/month midpoint £100",B,https://www.123financials.com/insights/accounting-services-cost-in-london/,2025-10-30
OBS-20251030-0148,123 Financials,SRC021,sole_trader,n/a,COMP_ACCOUNTS,n/a,standard,80.00,monthly,"Sole trader/partnership, £30-£130/month midpoint £80",B,https://www.123financials.com/insights/accounting-services-cost-in-london/,2025-10-30
OBS-20251030-0149,123 Financials,SRC021,ltd,50k-85k,COMP_ACCOUNTS,n/a,standard,120.00,monthly,"Ltd company £50k-85k sales, £120/month. Annual accounts, CT, payroll, personal tax",A,https://www.123financials.com/insights/accounting-services-cost-in-london/,2025-10-30
OBS-20251030-0150,123 Financials,SRC021,ltd,250k,COMP_ACCOUNTS,n/a,standard,360.00,monthly,"Ltd company ~£250k sales, £360/month +VAT. Quarterly reports, payroll, VAT/CT filings",A,https://www.123financials.com/insights/accounting-services-cost-in-london/,2025-10-30
OBS-20251030-0151,123 Financials,SRC021,ltd,1m,COMP_ACCOUNTS,n/a,standard,600.00,monthly,"Ltd company ~£1m sales, £600/month +VAT. Cash flow forecasting, payroll, tax filings",A,https://www.123financials.com/insights/accounting-services-cost-in-london/,2025-10-30
OBS-20251030-0152,123 Financials,SRC021,ltd,5m,COMP_ACCOUNTS,n/a,complex,1100.00,monthly,"Ltd company ~£5m sales, £1100/month +VAT. Full account management, bookkeeping, performance monitoring",A,https://www.123financials.com/insights/accounting-services-cost-in-london/,2025-10-30
OBS-20251030-0153,Right Choice Bookkeeping,SRC040,sole_trader,n/a,ADMIN_KYC,n/a,n/a,30.00,one_off,"Self-employed/partnership registration, £30",A,https://rchbservices.uk/en/price-list/,2025-10-30
OBS-20251030-0154,Right Choice Bookkeeping,SRC040,sole_trader,0,COMP_SATR,n/a,simple,4.17,annual,"SATR zero turnover, £50/year (normalized to monthly £4.17 rounded £5)",A,https://rchbservices.uk/en/price-list/,2025-10-30
OBS-20251030-0155,Right Choice Bookkeeping,SRC040,sole_trader,0-35k,COMP_SATR,n/a,standard,20.83,annual,"SATR up to £35k turnover, £250/year (normalized to monthly £20.83 rounded £20)",A,https://rchbservices.uk/en/price-list/,2025-10-30
OBS-20251030-0156,Right Choice Bookkeeping,SRC040,sole_trader,n/a,BOOK_BASIC,basic,standard,40.00,monthly,"Monthly bookkeeping up to 50 invoices, £30-£50 midpoint £40. Includes SATR and consultation",B,https://rchbservices.uk/en/price-list/,2025-10-30
OBS-20251030-0157,Right Choice Bookkeeping,SRC040,partnership,n/a,BOOK_BASIC,basic,standard,50.00,monthly,"Partnership monthly bookkeeping, £40-£60 based on transaction volume",B,https://rchbservices.uk/en/price-list/,2025-10-30
OBS-20251030-0158,Right Choice Bookkeeping,SRC040,partnership,n/a,COMP_SATR,n/a,standard,130.00,annual,"Partnership SATR without monthly service, £60-£200 midpoint £130 depending on turnover",B,https://rchbservices.uk/en/price-list/,2025-10-30
OBS-20251030-0159,Right Choice Bookkeeping,SRC040,partnership,n/a,COMP_SATR,n/a,standard,25.00,per_partner,"Additional partner SATR, £25 per partner",A,https://rchbservices.uk/en/price-list/,2025-10-30
OBS-20251030-0160,Right Choice Bookkeeping,SRC040,n/a,n/a,ADMIN_VAT_REG,n/a,n/a,30.00,one_off,"VAT registration, £30",A,https://rchbservices.uk/en/price-list/,2025-10-30
OBS-20251030-0161,Right Choice Bookkeeping,SRC040,n/a,n/a,ADMIN_VAT_REG,n/a,n/a,30.00,one_off,"VAT deregistration, £30",A,https://rchbservices.uk/en/price-list/,2025-10-30
OBS-20251030-0162,Right Choice Bookkeeping,SRC040,n/a,n/a,VAT_QTR,n/a,standard,100.00,quarterly,"Quarterly VAT returns, £100",A,https://rchbservices.uk/en/price-list/,2025-10-30
OBS-20251030-0163,Right Choice Bookkeeping,SRC040,n/a,n/a,VAT_QTR,n/a,standard,20.00,monthly,"Monthly VAT returns within bookkeeping, £20/month",A,https://rchbservices.uk/en/price-list/,2025-10-30
OBS-20251030-0164,Right Choice Bookkeeping,SRC040,ltd,n/a,ADMIN_KYC,n/a,n/a,100.00,one_off,"Ltd company registration inc Companies House, director SATR, employer reg, £100",A,https://rchbservices.uk/en/price-list/,2025-10-30
OBS-20251030-0165,Right Choice Bookkeeping,SRC040,ltd,n/a,BOOK_FULL,full,standard,90.00,monthly,"Ltd monthly bookkeeping, £80-£100+ based on invoice count. Includes confirmation statement, CT, director SATR, monthly payroll",B,https://rchbservices.uk/en/price-list/,2025-10-30
OBS-20251030-0166,Right Choice Bookkeeping,SRC040,n/a,n/a,ADMIN_PAYE_SETUP,n/a,n/a,30.00,one_off,"Employer registration, £30",A,https://rchbservices.uk/en/price-list/,2025-10-30
OBS-20251030-0167,Right Choice Bookkeeping,SRC040,n/a,1-3 employees,PAYROLL_RUN,n/a,standard,20.00,monthly,"Payroll 1-3 employees, £20/month",A,https://rchbservices.uk/en/price-list/,2025-10-30
OBS-20251030-0168,Right Choice Bookkeeping,SRC040,n/a,3-5 employees,PAYROLL_RUN,n/a,standard,40.00,monthly,"Payroll 3-5 employees, £40/month",A,https://rchbservices.uk/en/price-list/,2025-10-30
OBS-20251030-0169,Right Choice Bookkeeping,SRC040,n/a,5-10 employees,PAYROLL_RUN,n/a,standard,60.00,monthly,"Payroll 5-10 employees, £60/month",A,https://rchbservices.uk/en/price-list/,2025-10-30
OBS-20251030-0170,Right Choice Bookkeeping,SRC040,n/a,n/a,ADMIN_64_8,n/a,n/a,20.00,per_service,"HMRC phone calls, employment history, personal detail changes, letters, £20 each",A,https://rchbservices.uk/en/price-list/,2025-10-30
OBS-20251030-0171,Aben Bookkeeping,SRC042,n/a,n/a,BOOK_BASIC,basic,standard,25.00,hourly,"Bookkeeping & VAT returns, £25/hour +VAT",A,http://www.abenbookkeeping.co.uk/fees,2025-10-30
OBS-20251030-0172,Aben Bookkeeping,SRC042,n/a,n/a,PAYROLL_RUN,n/a,standard,13.00,monthly,"Payroll processing starting from £13/month +VAT",B,http://www.abenbookkeeping.co.uk/fees,2025-10-30
OBS-20251030-0173,Aben Bookkeeping,SRC042,n/a,n/a,PAYROLL_RUN,n/a,standard,1.55,per_payslip,"Additional payroll charge, £1.55 per payslip +VAT",A,http://www.abenbookkeeping.co.uk/fees,2025-10-30
OBS-20251030-0174,Xcountant,SRC050,n/a,n/a,BOOK_BASIC,basic,standard,30.00,hourly,"Bookkeeping remote, £30/hour +VAT",A,https://xcountant.com/accountants-fees,2025-10-30
OBS-20251030-0175,Xcountant,SRC050,n/a,n/a,BOOK_BASIC,basic,standard,40.00,hourly,"Bookkeeping on-site London, £40/hour +VAT",A,https://xcountant.com/accountants-fees,2025-10-30
OBS-20251030-0176,Xcountant,SRC050,ltd,0-1m,COMP_ACCOUNTS,n/a,standard,30.00,annual,"Micro-entity accounts, from £350/year +VAT (normalized to monthly £30)",B,https://xcountant.com/accountants-fees,2025-10-30
OBS-20251030-0177,Xcountant,SRC050,ltd,1m-15m,COMP_ACCOUNTS,n/a,standard,210.00,annual,"Small company accounts, from £2500/year +VAT (normalized to monthly £210)",B,https://xcountant.com/accountants-fees,2025-10-30
OBS-20251030-0178,Xcountant,SRC050,n/a,n/a,COMP_SATR,n/a,standard,20.83,annual,"Personal tax SATR, from £250/year +VAT (normalized to monthly £20.83 rounded £20)",B,https://xcountant.com/accountants-fees,2025-10-30
OBS-20251030-0179,Xcountant,SRC050,n/a,n/a,COMP_SATR,n/a,simple,12.50,annual,"Basic SATR employment/dividend/interest only, £150/year +VAT (normalized to monthly £12.50)",A,https://xcountant.com/accountants-fees,2025-10-30
OBS-20251030-0180,Xcountant,SRC050,ltd,n/a,COMP_ACCOUNTS,n/a,simple,10.00,annual,"Dormant company accounts, from £100/year +VAT (normalized to monthly £10)",B,https://xcountant.com/accountants-fees,2025-10-30
OBS-20251030-0181,Xcountant,SRC050,n/a,n/a,ADMIN_64_8,n/a,n/a,150.00,per_application,"Accountant's reference letters, from £150 +VAT",B,https://xcountant.com/accountants-fees,2025-10-30
OBS-20251030-0182,Xcountant,SRC050,ltd,n/a,COMP_ACCOUNTS,n/a,standard,100.00,monthly,"Starter package micro-entities, £100/month +VAT. Xero Ignite, 30min bookkeeping",A,https://xcountant.com/accountants-fees,2025-10-30
OBS-20251030-0183,Xcountant,SRC050,ltd,n/a,COMP_ACCOUNTS,n/a,standard,125.00,monthly,"Starter Plus package, £125/month +VAT. Xero Grow, 45min, 1 employee payroll",A,https://xcountant.com/accountants-fees,2025-10-30
OBS-20251030-0184,Xcountant,SRC050,ltd,n/a,COMP_ACCOUNTS,n/a,standard,215.00,monthly,"Standard package, £215/month +VAT. Xero Comprehensive, 60min, 5 employees, VAT returns",A,https://xcountant.com/accountants-fees,2025-10-30
OBS-20251030-0185,Xcountant,SRC050,ltd,n/a,COMP_ACCOUNTS,n/a,standard,350.00,monthly,"Premium package small companies, £350/month +VAT. Xero Ultimate, 90min, 25 employees, 2 tax returns",A,https://xcountant.com/accountants-fees,2025-10-30
OBS-20251030-0186,Xcountant,SRC050,ltd,n/a,COMP_ACCOUNTS,n/a,standard,450.00,monthly,"Premium Plus package, £450/month +VAT. 180min bookkeeping, 50 employees, 3 tax returns",A,https://xcountant.com/accountants-fees,2025-10-30
OBS-20251030-0187,Xcountant,SRC050,sole_trader,n/a,COMP_ACCOUNTS,n/a,standard,65.00,monthly,"Business package sole trader, £65/month +VAT. Xero Ignite, 30min bookkeeping, annual accounts",A,https://xcountant.com/accountants-fees,2025-10-30
OBS-20251030-0188,Xcountant,SRC050,sole_trader,n/a,COMP_ACCOUNTS,n/a,standard,120.00,monthly,"Legal package barristers/lawyers, £120/month +VAT. VAT returns, accountant's reference included",A,https://xcountant.com/accountants-fees,2025-10-30
OBS-20251030-0189,The Online Accountants,SRC051,ltd,0-30k,COMP_ACCOUNTS,n/a,standard,30.00,annual,"Ltd small package, £349/year +VAT (normalized to monthly £30)",A,https://theonlineaccountants.uk/accountants-fees,2025-10-30
OBS-20251030-0190,The Online Accountants,SRC051,ltd,30k-100k,COMP_ACCOUNTS,n/a,standard,45.00,annual,"Ltd medium package, £549/year +VAT (normalized to monthly £45)",A,https://theonlineaccountants.uk/accountants-fees,2025-10-30
OBS-20251030-0191,The Online Accountants,SRC051,ltd,100k-250k,COMP_ACCOUNTS,n/a,standard,62.50,annual,"Ltd large package, £749/year +VAT (normalized to monthly £62.50)",A,https://theonlineaccountants.uk/accountants-fees,2025-10-30
OBS-20251030-0192,The Online Accountants,SRC051,ltd,nil,COMP_ACCOUNTS,n/a,simple,15.00,annual,"Dormant company, £199/year +VAT (normalized to monthly £15)",A,https://theonlineaccountants.uk/accountants-fees,2025-10-30
OBS-20251030-0193,The Online Accountants,SRC051,sole_trader,0-30k,COMP_ACCOUNTS,n/a,standard,33.33,annual,"Self-employed small, £399/year +VAT (normalized to monthly £33.33 rounded £35)",A,https://theonlineaccountants.uk/accountants-fees,2025-10-30
OBS-20251030-0194,The Online Accountants,SRC051,sole_trader,30k-100k,COMP_ACCOUNTS,n/a,standard,50.00,annual,"Self-employed medium, £599/year +VAT (normalized to monthly £50)",A,https://theonlineaccountants.uk/accountants-fees,2025-10-30
OBS-20251030-0195,The Online Accountants,SRC051,sole_trader,100k-250k,COMP_ACCOUNTS,n/a,standard,66.67,annual,"Self-employed large, £799/year +VAT (normalized to monthly £66.67 rounded £65)",A,https://theonlineaccountants.uk/accountants-fees,2025-10-30
OBS-20251030-0196,The Online Accountants,SRC051,partnership,n/a,COMP_ACCOUNTS,n/a,standard,42.50,annual,"Partnership accounts filing, from £499/year +VAT (normalized to monthly £42.50)",B,https://theonlineaccountants.uk/accountants-fees,2025-10-30
OBS-20251030-0197,The Online Accountants,SRC051,partnership,n/a,COMP_SATR,n/a,standard,16.67,per_partner,"Partner tax returns, £199/year +VAT per partner (normalized to monthly £16.67 rounded £15)",A,https://theonlineaccountants.uk/accountants-fees,2025-10-30
OBS-20251030-0198,The Online Accountants,SRC051,n/a,n/a,COMP_SATR,n/a,standard,16.67,annual,"Self-assessment standalone, from £199/year +VAT (normalized to monthly £16.67 rounded £15)",B,https://theonlineaccountants.uk/accountants-fees,2025-10-30
OBS-20251030-0199,Accrue Accounting,SRC052,ltd,n/a,COMP_ACCOUNTS,n/a,standard,150.00,monthly,"Ltd ACCRUE package, £150/month +VAT. Unlimited advice, software, annual accounts, CT, confirmation, SATR (1), payroll (2), VAT, registered office",A,https://www.accrueaccounting.co.uk/accounting-pricing/,2025-10-30
OBS-20251030-0200,Accrue Accounting,SRC052,ltd,n/a,COMP_ACCOUNTS,n/a,standard,180.00,monthly,"Ltd ACCRUE+ package, £180/month +VAT. All ACCRUE plus SATR (2), fee protection insurance",A,https://www.accrueaccounting.co.uk/accounting-pricing/,2025-10-30
OBS-20251030-0201,Accrue Accounting,SRC052,sole_trader,n/a,COMP_ACCOUNTS,n/a,standard,50.00,monthly,"Sole trader Basic, £50/month +VAT. Unlimited advice, software, HMRC reg, SATR, VAT, CIS",A,https://www.accrueaccounting.co.uk/accounting-pricing/,2025-10-30
OBS-20251030-0202,Accrue Accounting,SRC052,sole_trader,n/a,COMP_ACCOUNTS,n/a,standard,60.00,monthly,"Sole trader ACCRUE, £60/month +VAT. Same as Basic tier services",A,https://www.accrueaccounting.co.uk/accounting-pricing/,2025-10-30
OBS-20251030-0203,Sterlinx Global,SRC057,n/a,n/a,COMP_ACCOUNTS,n/a,standard,139.00,monthly,"Amazon FBA/FBM/Vendor accounting, from £139/month. Statutory accounts, CT, Companies House filing, bookkeeping, VAT",B,https://sterlinxglobal.com/amazon-accounting/,2025-10-30
OBS-20251030-0204,4Fold Accountants,SRC055,n/a,n/a,COMP_ACCOUNTS,n/a,standard,15.00,monthly,"Charity accounting, from £15/month. Dedicated manager, software, CT, payroll, VAT, tax planning",B,https://www.4foldaccountants.co.uk/charities/,2025-10-30
OBS-20251030-0205,A Wise,SRC056,n/a,n/a,COMP_ACCOUNTS,n/a,standard,10.00,monthly,"Startup accounting, from £10/month",B,https://a-wise.co.uk/who-we-help/accounting-for-startups/,2025-10-30
OBS-20251030-0206,UK Market Benchmark,SRC060,n/a,n/a,BOOK_BASIC,basic,standard,0.50,per_transaction,"UK market per-transaction bookkeeping, £0.50-£2.00 per transaction midpoint £1.25",B,WebSearch: UK bookkeeping per transaction pricing 2025,2025-10-30
OBS-20251030-0207,UK Market Benchmark,SRC060,n/a,n/a,BOOK_BASIC,basic,standard,0.30,per_transaction,"Per-transaction after first 50 transactions, £0.30 per transaction",A,WebSearch: UK bookkeeping per transaction pricing 2025,2025-10-30
OBS-20251030-0208,UK Market Benchmark,SRC060,n/a,n/a,BOOK_FULL,full,standard,0.75,per_transaction,"E-commerce auto-sync to Xero, £0.75 per transaction",A,WebSearch: UK bookkeeping per transaction pricing 2025,2025-10-30
OBS-20251030-0209,UK Market Benchmark,SRC060,n/a,n/a,BOOK_BASIC,basic,standard,100.00,monthly,"UK market bookkeeping monthly, £50-£150/month midpoint £100",B,WebSearch: UK bookkeeping per transaction pricing 2025,2025-10-30
OBS-20251030-0210,UK Market Benchmark,SRC060,n/a,n/a,BOOK_FULL,full,standard,200.00,monthly,"Small businesses bookkeeping, £100-£300/month midpoint £200",B,WebSearch: UK bookkeeping per transaction pricing 2025,2025-10-30
OBS-20251030-0211,UK Market Benchmark,SRC060,n/a,n/a,BOOK_BASIC,basic,standard,20.00,hourly,"Freelance bookkeepers average, £18-£22/hour midpoint £20",B,WebSearch: UK bookkeeping per transaction pricing 2025,2025-10-30
OBS-20251030-0212,UK Market Benchmark,SRC061,n/a,n/a,VAT_QTR,n/a,standard,300.00,quarterly,"UK market VAT returns, £100-£500 per quarter midpoint £300 (normalized to monthly £100)",B,WebSearch: UK VAT return cost accountant 2025,2025-10-30
OBS-20251030-0213,UK Market Benchmark,SRC061,n/a,0-92k,VAT_QTR,n/a,standard,40.00,quarterly,"VAT return £92k turnover, £120/quarter (normalized to monthly £40)",A,WebSearch: UK VAT return cost accountant 2025,2025-10-30
OBS-20251030-0214,UK Market Benchmark,SRC061,n/a,n/a,VAT_QTR,n/a,simple,50.00,quarterly,"Basic VAT 20 transactions/month, £150/quarter minimum (normalized to monthly £50)",A,WebSearch: UK VAT return cost accountant 2025,2025-10-30
OBS-20251030-0215,UK Market Benchmark,SRC062,n/a,n/a,PAYROLL_RUN,n/a,standard,8.00,per_employee,"UK market fully managed payroll, £4-£12 per employee/month midpoint £8",B,WebSearch: UK payroll service pricing per employee 2025,2025-10-30
OBS-20251030-0216,UK Market Benchmark,SRC062,n/a,n/a,PAYROLL_RUN,n/a,standard,7.50,per_payslip,"UK market payroll per payslip, £5-£10 per payslip midpoint £7.50",B,WebSearch: UK payroll service pricing per employee 2025,2025-10-30
OBS-20251030-0217,UK Market Benchmark,SRC062,n/a,n/a,PAYROLL_RUN,n/a,standard,37.50,monthly,"Fully managed payroll monthly, £25-£50/month midpoint £37.50",B,WebSearch: UK payroll service pricing per employee 2025,2025-10-30
OBS-20251030-0218,UK Market Benchmark,SRC062,n/a,1-3 employees,PAYROLL_RUN,n/a,standard,30.00,monthly,"Accountant payroll up to 3 employees, £30/month then £10 per additional",A,WebSearch: UK payroll service pricing per employee 2025,2025-10-30
OBS-20251030-0219,UK Market Benchmark,SRC062,n/a,n/a,PAYROLL_PENSION,n/a,standard,2.00,per_employee,"Pension auto-enrollment, ~£2 per employee/month",B,WebSearch: UK payroll service pricing per employee 2025,2025-10-30
OBS-20251030-0220,UK Market Benchmark,SRC063,n/a,n/a,COMP_SATR,n/a,standard,20.83,annual,"UK market self-assessment, £150-£350 midpoint £250 (normalized to monthly £20.83 rounded £20)",B,WebSearch: UK self assessment tax return accountant cost 2025,2025-10-30
OBS-20251030-0221,UK Market Benchmark,SRC063,n/a,n/a,COMP_SATR,n/a,standard,25.00,annual,"Complex SATR multiple income sources, £300-£600 midpoint £450 (normalized to monthly £37.50)",B,WebSearch: UK self assessment tax return accountant cost 2025,2025-10-30
OBS-20251030-0222,UK Market Benchmark,SRC063,n/a,n/a,TAX_ANNUAL,n/a,standard,100.00,hourly,"Tax advisory hourly rate, £50-£150/hour midpoint £100",B,WebSearch: UK self assessment tax return accountant cost 2025,2025-10-30
