brand,network,region,segment,pricing_url,calculator_url,last_updated,credibility_score
1st Cloud Accountants,,UK,digital_first,https://www.1stcloudaccountants.co.uk/wp-content/uploads/2024/04/CurrentPriceList.pdf,,2025-03-10,9
Penney's Accountancy,,UK,regional,https://www.penneysaccountancy.co.uk/prices/,,2025,8
RJ Accountancy Limited,,UK,regional,https://rjaccountancy.co.uk/fees/,,2025,9
GoForma,,UK,digital_first,https://www.goforma.com/small-business-accounting/how-much-should-accounting-cost,,2025,8
Heights Accountancy,,UK,regional,https://heightsaccountancy.co.uk/2025/10/06/how-much-does-an-accountant-cost-uk-2025/,,2025-10-06,8
Pro Tax Accountant,,UK,solo_micro,https://www.protaxaccountant.co.uk/post/accountant-prices-for-small-business,,2025,7
Simplex Accounting,,UK,solo_micro,https://simplex-accounting.co.uk/bookkeeping-charges-per-transaction/,,2025,8
TAJ Accountants,,UK,regional,https://www.tajaccountants.co.uk/how-much-does-an-accountant-cost-per-month-in-the-uk-a-complete-guide/,,2025,7
Mazuma Money,,UK,digital_first,https://www.mazumamoney.co.uk/monthly-management-accounts/,,2025,8
The Accountancy Partnership,,UK,digital_first,https://www.theaccountancy.co.uk/plans-and-pricing,,2025,8
TaxMate,,UK,digital_first,https://taxmate.co.uk/,https://taxmate.co.uk/,2025,8
eAccounts,,UK,digital_first,https://www.e-accounts.co.uk/2025/03/11/cost-of-accountant-for-limited-company/,https://www.e-accounts.co.uk/,2025,8
CloudBook,,UK,digital_first,https://cloud-book.co.uk/pricing/,https://cloud-book.co.uk/quote/,2025,8
Streamline Accountants,,UK,regional,https://www.streamlineaccountants.co.uk/introducing-our-new-quote-calculator-simplifying-your-accounting-needs/,https://www.streamlineaccountants.co.uk/,2025,7
Hippo Accountants,,UK,digital_first,https://hippoaccountants.com/pricing/,https://hippoaccountants.com/pricing/,2025,7
TaxAssist Accountants,TaxAssist,UK,franchise,https://www.taxassist.co.uk/,,2025,8
Xeinadin,Xeinadin,UK,franchise,https://xeinadin.com/,,2025,7
Doshi Accountants,,London,regional,https://doshiaccountants.co.uk/fees,,2025,7
Armstrong & Co,,London,regional,https://www.armco.co.uk/pricing,,2025,7
123 Financials,,London,regional,https://www.123financials.com/insights/accounting-services-cost-in-london/,,2025,6
Allsquare,,Scotland-Edinburgh,regional,https://www.allsquare.org/prices/,,2025,8
MacGregor Scott Accountants,,Scotland-Glasgow,regional,https://www.macgregorscottaccountants.com/pricing,,2025,8
Sutherland Black,,Scotland,mid_tier,https://www.sutherlandblack.co.uk/accounting-services/,,2025,6
Gorilla Accounting,,Scotland,digital_first,https://gorillaaccounting.com/contractor-accountants-scotland/,,2025,7
Bevan Buckland,,Wales-Swansea,mid_tier,https://bevanbuckland.co.uk/,,2025,6
Cross Accounting,,Wales-Cardiff,regional,https://www.crossaccountingservice.co.uk/,,2025,6
WBV Chartered Accountants,,Wales-Swansea,regional,https://wbvaccountants.co.uk/,,2025,7
Hayvenhursts,,Wales-Cardiff,regional,https://www.hayvenhursts.co.uk/hayvenhursts/local-accountants-cardiff/,,2025,6
Accounted For Ltd,,Wales-Cardiff,solo_micro,https://accountedforltd.co.uk/,,2025,7
A1 Accounting NI,,NI-Belfast,solo_micro,http://www.a1ni.co.uk/pricing/,,2025,9
Magic Beans,,NI-Belfast,digital_first,https://magicbeans.online/,,2025,6
NBAS Chartered Accountants,,NI-Belfast,regional,https://nbasaccountants.com/about-us/,,2025,6
PGM Chartered Accountants,,NI-Belfast,mid_tier,https://www.pgmaccountants.com/,,2025,5
PGR Chartered Accountants,,NI-Belfast,mid_tier,https://www.pgraccountants.com/,,2025,5
Harbinson-Mulholland,,NI-Belfast,regional,https://www.harbinson-mulholland.com/,,2025,6
DNT Chartered Accountants,,NI-Belfast,regional,https://www.dntca.com/,,2025,5
Xact+ Accountants,,England,regional,https://xactaccountants.co.uk/service-areas/,,2025,7
Care Accountancy,,England-Leeds/Birmingham,regional,https://careaccountancy.co.uk/,,2025,6
Outbooks,,UK,digital_first,https://outbooks.co.uk/bookkeeping-pricing-calculator,https://outbooks.co.uk/bookkeeping-pricing-calculator,2025,7
Right Choice Bookkeeping,,UK,solo_micro,https://rchbservices.uk/en/price-list/,,2025,7
Aben Bookkeeping,,England-Sussex,solo_micro,http://www.abenbookkeeping.co.uk/fees,,2025,6
The Bristol Bookkeeper,,England-Bristol,solo_micro,https://thebristolbookkeeper.co.uk/,,2025,7
AWR Accountants,,UK,regional,https://awraccountants.co.uk/packages/,,2025,8
Taxcare Accountant,,UK,digital_first,https://taxcare.org.uk/instant-quote/,https://taxcare.org.uk/instant-quote/,2025,8
Makesworth Accountants,,UK,digital_first,https://makesworth.co.uk/get-an-instant-quote/,https://makesworth.co.uk/get-an-instant-quote/,2025,7
Accotax,,UK,digital_first,https://accotax.co.uk/instant-quotation/,https://accotax.co.uk/instant-quotation/,2025,8
Accounts and Legal,,UK,digital_first,https://accountsandlegal.co.uk/instant-quote/,https://accountsandlegal.co.uk/instant-quote/,2025,7
Merranti Accounting,,UK,digital_first,https://merrantiaccounting.com/instant-accounting-quotation/,https://merrantiaccounting.com/instant-accounting-quotation/,2025,7
Xcountant,,UK,digital_first,https://xcountant.com/accountants-fees,,2025,8
The Online Accountants,,UK,digital_first,https://theonlineaccountants.uk/accountants-fees,,2025,7
Accrue Accounting,,UK,digital_first,https://www.accrueaccounting.co.uk/accounting-pricing/,,2025,7
JF Financial,,UK,regional,https://jf-financial.co.uk/prices/,,2025,7
Charity Accountant,,UK,specialist,https://charityaccountant.co.uk/fees-and-extras/,,2025,7
4Fold Accountants,,UK,specialist,https://www.4foldaccountants.co.uk/charities/,,2025,7
A Wise,,UK,digital_first,https://a-wise.co.uk/who-we-help/accounting-for-startups/,,2025,7
Sterlinx Global,,UK,specialist,https://sterlinxglobal.com/amazon-accounting/,,2025,7
F9 Consulting,,London,mid_tier,https://www.f9consulting.co.uk/,,2025,6
RBS Chartered Accountants,,London-Canary Wharf,regional,https://www.rbsca.com/,,2025,7
Clear House Accountants,,London-Canary Wharf,regional,https://chacc.co.uk/accountants-in-canary-wharf/,,2025,6
Fusion Accountants,,London-East,regional,https://www.fusionaccountants.co.uk/accountants-east-london/,,2025,6
Finance Box,,London-Canary Wharf,regional,https://financebox.co.uk/accountants-in-canary-wharf,,2025,6
SKZEE,,London-Canary Wharf,solo_micro,https://skzee.co.uk/accountants-canary-wharf/,,2025,5
Fraser Russell,,Birmingham,mid_tier,https://www.fraserrussell.com/,,2025,6
Naseems Accountants,,Birmingham,regional,https://www.naseems.co.uk/,,2025,7
Sleek,,Leeds,digital_first,https://sleek.com/uk/leeds-accountants/,,2025,7
J27 Accountants,,Leeds,regional,https://j27accountants.co.uk/,,2025,7
Yorkshire Accountancy,,Leeds,regional,https://yorkshireaccountancy.co.uk/our-locations/accountants-leeds/,,2025,7
Whitesides Chartered Accountants,,Leeds,regional,https://whitesidesca.com/fees/,,2025,7
The Accounting Company Leeds,,Leeds,solo_micro,https://www.theaccountingcompanyleeds.co.uk/accountants-leeds/,,2025,6
Ryecroft Glenton,,Newcastle,mid_tier,https://ryecroftglenton.com/,,2025,7
Armstrong Watson,,Newcastle,mid_tier,https://www.armstrongwatson.co.uk/accountants-newcastle,,2025,7
Azets,,Newcastle,mid_tier,https://www.azets.co.uk/find-an-office/newcastle/,,2025,6
HJ Accountants,,Newcastle-North Shields,regional,https://www.hj-accountants.co.uk/,,2025,7
UNW,,Newcastle,mid_tier,https://unw.co.uk/accounting-services/,,2025,6
Accounting Inc,,Newcastle,digital_first,https://www.accountinginc.co.uk/,,2025,6
One Accounting,,UK,digital_first,https://www.oneaccounting.co.uk/,,2025,6
